Delta n,Presion,Error P
0.0000000,939,2
0.0000316,828,2
0.0000633,711,2
0.0000949,602,2
0.0001266,487,2
0.0001582,373,3